image_id,prediction,confidence
test_00001,0,0.9648382067680359
test_00002,0,0.9941524863243103
test_00003,0,0.9998842477798462
test_00004,0,0.997565507888794
test_00005,1,0.9600180387496948
test_00006,0,0.9962034821510315
test_00007,0,0.9999247789382935
test_00008,0,0.9994184970855713
test_00009,0,0.9998093247413635
test_00010,0,0.9954755902290344
test_00011,0,0.9713858962059021
test_00012,0,0.9932496547698975
test_00013,0,0.9994320273399353
test_00014,0,0.9949831962585449
test_00015,0,0.9967883825302124
test_00016,0,0.9766411185264587
test_00017,0,0.9974228143692017
test_00018,0,0.9997362494468689
test_00019,0,0.9999582767486572
test_00020,0,0.9973892569541931
test_00021,0,0.9987995624542236
test_00022,0,0.9983194470405579
test_00023,0,0.9827066659927368
test_00024,0,0.9980692267417908
test_00025,0,0.9976606369018555
test_00026,0,0.9821121692657471
test_00027,0,0.9526591897010803
test_00028,0,0.9924890995025635
test_00029,0,0.9934647679328918
test_00030,0,0.9953285455703735
test_00031,0,0.9986044764518738
test_00032,0,0.9904640913009644
test_00033,0,0.9999728202819824
test_00034,0,0.9998650550842285
test_00035,0,0.9812560677528381
test_00036,0,0.9301841259002686
test_00037,0,0.9832932949066162
test_00038,0,0.8918384909629822
test_00039,0,0.9995805621147156
test_00040,0,0.9994400143623352
test_00041,0,0.9984204769134521
test_00042,0,0.9808546304702759
test_00043,0,0.999670147895813
test_00044,0,0.9990691542625427
test_00045,0,0.9681050777435303
test_00046,0,0.9994086027145386
test_00047,0,0.9997403025627136
test_00048,0,0.9978310465812683
test_00049,0,0.9998867511749268
test_00050,0,0.9635344743728638
test_00051,0,0.9773887395858765
test_00052,0,0.9032880663871765
test_00053,0,0.9966204166412354
test_00054,0,0.9965685606002808
test_00055,0,0.9761905074119568
test_00056,0,0.9987766146659851
test_00057,0,0.9762848019599915
test_00058,0,0.9975661039352417
test_00059,0,0.7327613234519958
test_00060,0,0.9753535389900208
test_00061,0,0.997899055480957
test_00062,0,0.6144375801086426
test_00063,0,0.9418041110038757
test_00064,0,0.999224066734314
test_00065,0,0.9991543292999268
test_00066,0,0.999731719493866
test_00067,0,0.9912742972373962
test_00068,0,0.9899224638938904
test_00069,0,0.9827577471733093
test_00070,0,0.9854320883750916
test_00071,0,0.9962961077690125
test_00072,0,0.9672757387161255
test_00073,0,0.9992777705192566
test_00074,0,0.9837399125099182
test_00075,1,0.7996571063995361
test_00076,0,0.9992724061012268
test_00077,0,0.9975289702415466
test_00078,1,0.7568432092666626
test_00079,0,0.999529242515564
test_00080,0,0.99399733543396
test_00081,0,0.9999349117279053
test_00082,0,0.9969561100006104
test_00083,0,0.993236243724823
test_00084,0,0.8555108308792114
test_00085,0,0.9982282519340515
test_00086,0,0.9974116683006287
test_00087,1,0.7959468364715576
test_00088,0,0.9454776048660278
test_00089,0,0.9971633553504944
test_00090,0,0.9981232285499573
test_00091,0,0.9970500469207764
test_00092,0,0.9982661604881287
test_00093,0,0.9858805537223816
test_00094,1,0.5349006056785583
test_00095,0,0.5490620136260986
test_00096,0,0.9977803826332092
test_00097,0,0.9994599223136902
test_00098,1,0.8397862315177917
test_00099,0,0.9782422184944153
test_00100,0,0.9678031206130981
test_00101,0,0.883581817150116
test_00102,0,0.9931573271751404
test_00103,0,0.9970619082450867
test_00104,0,0.990010678768158
test_00105,0,0.9938411712646484
test_00106,0,0.9757770299911499
test_00107,0,0.9993042945861816
test_00108,0,0.9991377592086792
test_00109,0,0.9993409514427185
test_00110,0,0.9967221617698669
test_00111,0,0.9778510928153992
test_00112,0,0.9970152378082275
test_00113,0,0.9913170337677002
test_00114,0,0.9865907430648804
test_00115,0,0.9999127388000488
test_00116,0,0.9960899353027344
test_00117,0,0.9964253306388855
test_00118,0,0.9763540029525757
test_00119,0,0.982988178730011
test_00120,1,0.9342893958091736
test_00121,0,0.9949681162834167
test_00122,0,0.9850664138793945
test_00123,0,0.9993147850036621
test_00124,0,0.9936317801475525
test_00125,0,0.9983949065208435
test_00126,0,0.995614767074585
test_00127,0,0.9996145963668823
test_00128,1,0.6511824131011963
test_00129,0,0.9955877065658569
test_00130,0,0.9999327659606934
test_00131,0,0.9980317950248718
test_00132,0,0.9996265172958374
test_00133,0,0.9159554839134216
test_00134,0,0.995753288269043
test_00135,0,0.999800980091095
test_00136,0,0.9648614525794983
test_00137,0,0.9980108141899109
test_00138,0,0.8245968222618103
test_00139,0,0.9952369928359985
test_00140,0,0.9782963991165161
test_00141,1,0.8055684566497803
test_00142,0,0.9962132573127747
test_00143,0,0.9972749352455139
test_00144,0,0.8435797691345215
test_00145,0,0.9992433786392212
test_00146,0,0.981769859790802
test_00147,0,0.99945467710495
test_00148,0,0.9878385066986084
test_00149,0,0.9930809140205383
test_00150,0,0.9849703311920166
test_00151,0,0.9984226226806641
test_00152,0,0.9887322187423706
test_00153,0,0.9670617580413818
test_00154,0,0.9992510676383972
test_00155,0,0.9849653244018555
test_00156,0,0.9982413053512573
test_00157,0,0.9999856948852539
test_00158,0,0.9998281002044678
test_00159,0,0.9625798463821411
test_00160,0,0.9306942820549011
test_00161,0,0.9993584752082825
test_00162,0,0.9897848963737488
test_00163,0,0.9960954785346985
test_00164,0,0.6684730648994446
test_00165,0,0.9998652935028076
test_00166,0,0.9945502877235413
test_00167,0,0.9999971389770508
test_00168,0,0.6492071151733398
test_00169,0,0.9984769225120544
test_00170,0,0.9111043810844421
test_00171,0,0.9816657900810242
test_00172,0,0.9860899448394775
test_00173,0,0.7853883504867554
test_00174,0,0.984254002571106
test_00175,0,0.9569600820541382
test_00176,1,0.8050655722618103
test_00177,1,0.6562966704368591
test_00178,0,0.9542997479438782
test_00179,0,0.9987688660621643
test_00180,0,0.9038549065589905
test_00181,0,0.7207476496696472
test_00182,0,0.9957571625709534
test_00183,0,0.9950962662696838
test_00184,0,0.9904656410217285
test_00185,0,0.9895063042640686
test_00186,0,0.9909656047821045
test_00187,0,0.9987689852714539
test_00188,0,0.997579038143158
test_00189,0,0.9593415260314941
test_00190,0,0.995891809463501
test_00191,1,0.8259214162826538
test_00192,0,0.9010450839996338
test_00193,0,0.9946459531784058
test_00194,0,0.5622358322143555
test_00195,0,0.9204514622688293
test_00196,0,0.9786179065704346
test_00197,0,0.9799519181251526
test_00198,0,0.9549282193183899
test_00199,0,0.9953808784484863
test_00200,0,0.9272024035453796
test_00201,0,0.9304192662239075
test_00202,0,0.9989053010940552
test_00203,0,0.9966694712638855
test_00204,0,0.8123090863227844
test_00205,0,0.9980906844139099
test_00206,0,0.9989444613456726
test_00207,0,0.9728445410728455
test_00208,0,0.9988202452659607
test_00209,0,0.8859613537788391
test_00210,0,0.9993528723716736
test_00211,0,0.9952735304832458
test_00212,0,0.9366517663002014
test_00213,0,0.9988477230072021
test_00214,0,0.9924675822257996
test_00215,0,0.9991044402122498
test_00216,0,0.9999204874038696
test_00217,0,0.9085501432418823
test_00218,0,0.9999397993087769
test_00219,0,0.9968754053115845
test_00220,0,0.9970376491546631
test_00221,0,0.997858464717865
test_00222,0,0.9915215969085693
test_00223,0,0.978848934173584
test_00224,0,0.9659571051597595
test_00225,0,0.9633069634437561
test_00226,0,0.9971883893013
test_00227,0,0.9986264705657959
test_00228,0,0.862281858921051
test_00229,0,0.9270206689834595
test_00230,0,0.9942534565925598
test_00231,0,0.9919818043708801
test_00232,0,0.9646539688110352
test_00233,1,0.8795168399810791
test_00234,0,0.7508181929588318
test_00235,0,0.9962867498397827
test_00236,0,0.9316376447677612
test_00237,0,0.9910869002342224
test_00238,0,0.9998447895050049
test_00239,0,0.9128150939941406
test_00240,0,0.5261009931564331
test_00241,0,0.7560207843780518
test_00242,0,0.9494777321815491
test_00243,0,0.9817180633544922
test_00244,1,0.7024239301681519
test_00245,0,0.8166025280952454
test_00246,0,0.7795472145080566
test_00247,0,0.9962307810783386
test_00248,0,0.8387669324874878
test_00249,0,0.8413947224617004
test_00250,0,0.9994359612464905
test_00251,0,0.9981594681739807
test_00252,0,0.6430025696754456
test_00253,0,0.9832848906517029
test_00254,0,0.9888217449188232
test_00255,0,0.7551144361495972
test_00256,0,0.9992076754570007
test_00257,0,0.9794256091117859
test_00258,1,0.9029112458229065
test_00259,0,0.9993909597396851
test_00260,0,0.9989448189735413
test_00261,0,0.99134761095047
test_00262,0,0.9949198365211487
test_00263,0,0.8832578659057617
test_00264,0,0.9978011250495911
test_00265,0,0.9984050393104553
test_00266,0,0.9761703014373779
test_00267,0,0.9858193397521973
test_00268,0,0.8944309949874878
test_00269,0,0.9916210174560547
test_00270,1,0.6989913582801819
test_00271,0,0.9991052746772766
test_00272,0,0.9999639987945557
test_00273,0,0.990688681602478
test_00274,0,0.9658812284469604
test_00275,0,0.913638174533844
test_00276,0,0.9859511852264404
test_00277,0,0.996221661567688
test_00278,0,0.9996048808097839
test_00279,0,0.9845278859138489
test_00280,0,0.9885653853416443
test_00281,0,0.7500239014625549
test_00282,0,0.997117280960083
test_00283,0,0.9445674419403076
test_00284,0,0.9983267188072205
test_00285,0,0.8298442959785461
test_00286,0,0.9219831824302673
test_00287,1,0.5719712376594543
test_00288,0,0.9878402352333069
test_00289,0,0.8523010611534119
test_00290,0,0.9884077906608582
test_00291,0,0.9941788911819458
test_00292,0,0.8798022270202637
test_00293,0,0.9993439316749573
test_00294,0,0.9997976422309875
test_00295,0,0.9821082353591919
test_00296,0,0.9354913234710693
test_00297,0,0.9845186471939087
test_00298,0,0.9608078598976135
test_00299,0,0.9985765218734741
test_00300,0,0.895574688911438
test_00301,0,0.9348995685577393
test_00302,1,0.5995709300041199
test_00303,1,0.9833731055259705
test_00304,0,0.9278268814086914
test_00305,0,0.9999978542327881
test_00306,0,0.994235098361969
test_00307,0,0.996431827545166
test_00308,0,0.9998037219047546
test_00309,0,0.9239839315414429
test_00310,0,0.9993894100189209
test_00311,0,0.9996165037155151
test_00312,1,0.6305197477340698
test_00313,0,0.9997366070747375
test_00314,0,0.9981080293655396
test_00315,0,0.9103384017944336
test_00316,0,0.9594537615776062
test_00317,0,0.9981067180633545
test_00318,1,0.8212191462516785
test_00319,0,0.9974084496498108
test_00320,0,0.9023109674453735
test_00321,0,0.9998098015785217
test_00322,0,0.8205908536911011
test_00323,0,0.9860126376152039
test_00324,0,0.7948909401893616
test_00325,1,0.5955531597137451
test_00326,0,0.9941459894180298
test_00327,0,0.9732552766799927
test_00328,0,0.8769193887710571
test_00329,0,0.9998472929000854
test_00330,0,0.975343644618988
test_00331,0,0.9963298439979553
test_00332,0,0.9824328422546387
test_00333,0,0.9971416592597961
test_00334,0,0.9958850741386414
test_00335,0,0.8975604176521301
test_00336,0,0.9922772645950317
test_00337,1,0.9759806394577026
test_00338,0,0.9996780157089233
test_00339,0,0.9879167675971985
test_00340,0,0.9793146848678589
test_00341,0,0.9991267323493958
test_00342,0,0.9966314435005188
test_00343,0,0.9996310472488403
test_00344,0,0.9961572289466858
test_00345,0,0.9989466071128845
test_00346,0,0.9998939037322998
test_00347,0,0.9977682828903198
test_00348,0,0.9912418127059937
test_00349,0,0.9983989596366882
test_00350,0,0.9992749094963074
test_00351,0,0.6472992300987244
test_00352,0,0.9998539686203003
test_00353,0,0.9992879033088684
test_00354,0,0.9911006093025208
test_00355,0,0.9368772506713867
test_00356,0,0.852911651134491
test_00357,0,0.9216935038566589
test_00358,0,0.9905311465263367
test_00359,0,0.9993160963058472
test_00360,0,0.9997504353523254
test_00361,0,0.8985955715179443
test_00362,0,0.8373393416404724
test_00363,0,0.9993711113929749
test_00364,0,0.9992817044258118
test_00365,0,0.9949610233306885
test_00366,0,0.9967654943466187
test_00367,0,0.9574118256568909
test_00368,0,0.872742772102356
test_00369,0,0.9996138215065002
test_00370,0,0.9996980428695679
test_00371,0,0.9997463822364807
test_00372,0,0.9984548091888428
test_00373,0,0.9495181441307068
test_00374,0,0.9974386692047119
test_00375,0,0.9999234676361084
test_00376,0,0.9944751858711243
test_00377,0,0.9998775720596313
test_00378,0,0.9989473223686218
test_00379,0,0.9993769526481628
test_00380,0,0.9985718727111816
test_00381,0,0.9952970147132874
test_00382,0,0.8746758103370667
test_00383,0,0.9986969828605652
test_00384,0,0.9946316480636597
test_00385,1,0.7232900261878967
test_00386,0,0.6674315929412842
test_00387,0,0.9997372031211853
test_00388,0,0.9819275736808777
test_00389,0,0.9967976212501526
test_00390,0,0.9907172322273254
test_00391,0,0.999417781829834
test_00392,0,0.9952614903450012
test_00393,0,0.99817955493927
test_00394,0,0.9358696937561035
test_00395,0,0.9998039603233337
test_00396,0,0.9963715076446533
test_00397,0,0.9986348748207092
test_00398,0,0.9948002099990845
test_00399,0,0.9980857372283936
test_00400,0,0.9636095762252808
test_00401,0,0.9981539845466614
test_00402,0,0.8860310316085815
test_00403,0,0.848609447479248
test_00404,0,0.9772303700447083
test_00405,0,0.999882698059082
test_00406,0,0.9995160102844238
test_00407,0,0.9656879901885986
test_00408,0,0.9899610280990601
test_00409,0,0.9999213218688965
test_00410,0,0.9990119934082031
test_00411,0,0.9942426085472107
test_00412,0,0.9956102967262268
test_00413,0,0.9991705417633057
test_00414,0,0.8207935094833374
test_00415,0,0.9943622350692749
test_00416,0,0.9994437098503113
test_00417,0,0.909450113773346
test_00418,0,0.9952268600463867
test_00419,1,0.7493232488632202
test_00420,1,0.8117117285728455
test_00421,0,0.9578532576560974
test_00422,0,0.9980104565620422
test_00423,0,0.9633334875106812
test_00424,0,0.9917580485343933
test_00425,0,0.8295319080352783
test_00426,0,0.9997496008872986
test_00427,0,0.9991887211799622
test_00428,0,0.9996236562728882
test_00429,0,0.999964714050293
test_00430,0,0.9602952003479004
test_00431,0,0.9402599334716797
test_00432,0,0.9941473007202148
test_00433,0,0.9995551705360413
test_00434,0,0.608116626739502
test_00435,0,0.998420000076294
test_00436,1,0.8755660057067871
test_00437,0,0.8547210693359375
test_00438,0,0.9984403252601624
test_00439,0,0.9200360178947449
test_00440,0,0.6413633227348328
test_00441,0,0.99994957447052
test_00442,0,0.9775238037109375
test_00443,0,0.9395694136619568
test_00444,0,0.9985764026641846
test_00445,0,0.9965693950653076
test_00446,0,0.9965930581092834
test_00447,0,0.9966263771057129
test_00448,0,0.997940719127655
test_00449,0,0.9976467490196228
test_00450,0,0.9989532232284546
test_00451,0,0.9921882152557373
test_00452,0,0.9613720774650574
test_00453,0,0.9995162487030029
test_00454,0,0.7046031951904297
test_00455,0,0.9802072644233704
test_00456,0,0.9747323393821716
test_00457,0,0.9973880648612976
test_00458,0,0.9730807542800903
test_00459,0,0.9972105622291565
test_00460,0,0.9997889399528503
test_00461,0,0.9998278617858887
test_00462,0,0.9996986389160156
test_00463,0,0.9972534775733948
test_00464,0,0.997506320476532
test_00465,0,0.9896979928016663
test_00466,1,0.6069302558898926
test_00467,0,0.9950996041297913
test_00468,0,0.9922946691513062
test_00469,0,0.6420522332191467
test_00470,0,0.9991990923881531
test_00471,0,0.9995936751365662
test_00472,0,0.9036604166030884
test_00473,0,0.9984220266342163
test_00474,0,0.9996577501296997
test_00475,0,0.9990146160125732
test_00476,1,0.6867110133171082
test_00477,0,0.9970966577529907
test_00478,0,0.9937137961387634
test_00479,0,0.8621378540992737
test_00480,0,0.9755724668502808
test_00481,0,0.99393230676651
test_00482,0,0.9999428987503052
test_00483,0,0.9925509691238403
test_00484,0,0.9872305989265442
test_00485,0,0.9423354268074036
test_00486,0,0.9976679682731628
test_00487,0,0.9981008172035217
test_00488,0,0.9999459981918335
test_00489,0,0.9941646456718445
test_00490,0,0.9986230134963989
test_00491,0,0.9411262273788452
test_00492,0,0.991744339466095
test_00493,0,0.9997958540916443
test_00494,0,0.9814855456352234
test_00495,0,0.9974392652511597
test_00496,0,0.9993896484375
test_00497,0,0.9950273633003235
test_00498,0,0.9971687197685242
test_00499,0,0.9969467520713806
test_00500,0,0.8968119621276855
test_00501,1,0.8200701475143433
test_00502,0,0.9755428433418274
test_00503,0,0.9938889741897583
test_00504,0,0.7643743753433228
test_00505,0,0.9178873896598816
test_00506,0,0.9911558628082275
test_00507,0,0.9657061100006104
test_00508,0,0.9981227517127991
test_00509,0,0.9813340306282043
test_00510,0,0.8593630790710449
test_00511,0,0.9920241832733154
test_00512,0,0.9183864593505859
test_00513,0,0.9993083477020264
test_00514,0,0.9580682516098022
test_00515,0,0.9994423985481262
test_00516,0,0.993664026260376
test_00517,0,0.911386251449585
test_00518,0,0.9977747797966003
test_00519,0,0.9885451197624207
test_00520,0,0.9642301797866821
test_00521,0,0.9375556707382202
test_00522,0,0.9981504082679749
test_00523,0,0.9975020289421082
test_00524,0,0.9876629710197449
test_00525,0,0.5336048007011414
test_00526,0,0.8961803317070007
test_00527,0,0.9934576153755188
test_00528,0,0.937038779258728
test_00529,0,0.9888916015625
test_00530,0,0.9994799494743347
test_00531,0,0.9925938248634338
test_00532,0,0.955329179763794
test_00533,0,0.9981173276901245
test_00534,0,0.9948776960372925
test_00535,0,0.9833078384399414
test_00536,0,0.9342705607414246
test_00537,0,0.9998799562454224
test_00538,0,0.9475488066673279
test_00539,0,0.8259866237640381
test_00540,0,0.9467931389808655
test_00541,0,0.9761908650398254
test_00542,0,0.9943379759788513
test_00543,0,0.9081106781959534
test_00544,0,0.9541279673576355
test_00545,1,0.7672179341316223
test_00546,0,0.9764566421508789
test_00547,0,0.7757076621055603
test_00548,0,0.9977774024009705
test_00549,0,0.9826741814613342
test_00550,0,0.9984681010246277
test_00551,0,0.9990480542182922
test_00552,0,0.9983499050140381
test_00553,0,0.9225426912307739
test_00554,0,0.9679227471351624
test_00555,0,0.9978955984115601
test_00556,0,0.9500468969345093
test_00557,1,0.7849978804588318
test_00558,0,0.9982269406318665
test_00559,0,0.9690183997154236
test_00560,0,0.9992940425872803
test_00561,0,0.9813129901885986
test_00562,0,0.9999094009399414
test_00563,0,0.9929991960525513
test_00564,0,0.9958944320678711
test_00565,0,0.9931000471115112
test_00566,0,0.9946311712265015
test_00567,0,0.9948211908340454
test_00568,0,0.8904851675033569
test_00569,0,0.9966559410095215
test_00570,0,0.9989537000656128
test_00571,0,0.9237516522407532
test_00572,0,0.9993590712547302
test_00573,0,0.9895651340484619
test_00574,0,0.9998928308486938
test_00575,0,0.9985710382461548
test_00576,1,0.8215380907058716
test_00577,0,0.743707001209259
test_00578,0,0.7660943865776062
test_00579,0,0.9933009147644043
test_00580,0,0.9248913526535034
test_00581,0,0.985673189163208
test_00582,0,0.9137732982635498
test_00583,0,0.71312415599823
test_00584,0,0.9983828067779541
test_00585,0,0.9980606436729431
test_00586,0,0.9961307048797607
test_00587,1,0.596240222454071
test_00588,0,0.997186005115509
test_00589,0,0.9926500916481018
test_00590,0,0.9746842384338379
test_00591,1,0.5042312145233154
test_00592,0,0.9977703094482422
test_00593,0,0.8919169306755066
test_00594,0,0.9992184638977051
test_00595,0,0.9543136954307556
test_00596,0,0.9581860899925232
test_00597,0,0.9995782971382141
test_00598,0,0.9925836324691772
test_00599,1,0.6206481456756592
test_00600,0,0.9849468469619751
test_00601,0,0.9989917874336243
test_00602,0,0.9999101161956787
test_00603,0,0.9909358620643616
test_00604,0,0.9763175249099731
test_00605,0,0.6397547125816345
test_00606,0,0.562436580657959
test_00607,0,0.9960759282112122
test_00608,0,0.9994788765907288
test_00609,0,0.7898145914077759
test_00610,0,0.9934456944465637
test_00611,0,0.9916735291481018
test_00612,0,0.9976649284362793
test_00613,0,0.9907131791114807
test_00614,0,0.9724209904670715
test_00615,0,0.9987020492553711
test_00616,0,0.9986901879310608
test_00617,1,0.93512362241745
test_00618,0,0.996673583984375
test_00619,0,0.999038815498352
test_00620,0,0.9672278165817261
test_00621,0,0.9990376234054565
test_00622,0,0.9782692790031433
test_00623,0,0.9743884801864624
test_00624,0,0.9958813190460205
test_00625,1,0.757660448551178
test_00626,0,0.7614008784294128
test_00627,0,0.9847787022590637
test_00628,0,0.990541398525238
test_00629,0,0.9924073815345764
test_00630,0,0.9557214379310608
test_00631,0,0.9717851877212524
test_00632,0,0.8236606121063232
test_00633,1,0.5310482382774353
test_00634,0,0.9982136487960815
test_00635,0,0.985393226146698
test_00636,0,0.996208906173706
test_00637,0,0.9995168447494507
test_00638,0,0.9978286623954773
test_00639,0,0.9591675400733948
test_00640,0,0.9420629739761353
test_00641,1,0.7991663813591003
test_00642,1,0.9998084902763367
test_00643,1,0.9938418865203857
test_00644,1,0.9959837198257446
test_00645,1,0.8892744779586792
test_00646,1,0.9948850274085999
test_00647,1,0.9868011474609375
test_00648,1,0.9992102384567261
test_00649,1,0.9856699109077454
test_00650,1,0.9301632046699524
test_00651,1,0.9126113653182983
test_00652,1,0.999258816242218
test_00653,1,0.9843229651451111
test_00654,1,0.9949918389320374
test_00655,1,0.9972754120826721
test_00656,1,0.99800044298172
test_00657,1,0.7178125977516174
test_00658,1,0.9907429814338684
test_00659,1,0.9965837001800537
test_00660,1,0.9996393918991089
test_00661,1,0.9972783923149109
test_00662,1,0.9948686361312866
test_00663,1,0.7601057291030884
test_00664,1,0.9991890788078308
test_00665,1,0.8151465654373169
test_00666,1,0.975176215171814
test_00667,1,0.9998866319656372
test_00668,1,0.9998086094856262
test_00669,1,0.9989443421363831
test_00670,1,0.9842735528945923
test_00671,1,0.92612224817276
test_00672,1,0.9868993759155273
test_00673,1,0.9963786005973816
test_00674,1,0.9993379712104797
test_00675,1,0.8476200103759766
test_00676,1,0.9992396831512451
test_00677,1,0.9990454316139221
test_00678,1,0.9999289512634277
test_00679,1,0.9929580688476562
test_00680,1,0.9884081482887268
test_00681,1,0.9560860395431519
test_00682,1,0.9298449158668518
test_00683,1,0.9934252500534058
test_00684,1,0.9887754917144775
test_00685,1,0.9989437460899353
test_00686,1,0.9501239061355591
test_00687,1,0.9824308753013611
test_00688,1,0.9208813905715942
test_00689,1,0.9983239769935608
test_00690,1,0.9835452437400818
test_00691,1,0.9469602704048157
test_00692,1,0.9815811514854431
test_00693,1,0.9955204725265503
test_00694,1,0.995607316493988
test_00695,1,0.9976925849914551
test_00696,1,0.6777183413505554
test_00697,1,0.9971305727958679
test_00698,1,0.9854437708854675
test_00699,1,0.9947001934051514
test_00700,1,0.9950754046440125
test_00701,1,0.9940766096115112
test_00702,1,0.9918776750564575
test_00703,1,0.6705610752105713
test_00704,0,0.5796129107475281
test_00705,1,0.9968968629837036
test_00706,1,0.9941429495811462
test_00707,1,0.9975861310958862
test_00708,1,0.9968872666358948
test_00709,1,0.986676037311554
test_00710,1,0.973658561706543
test_00711,1,0.9953151941299438
test_00712,1,0.9947971701622009
test_00713,1,0.9982954859733582
test_00714,1,0.9838371872901917
test_00715,1,0.9948444366455078
test_00716,1,0.9456527233123779
test_00717,1,0.9994589686393738
test_00718,1,0.5912179946899414
test_00719,1,0.9982960820198059
test_00720,1,0.9651411175727844
test_00721,1,0.9679074287414551
test_00722,1,0.9973199963569641
test_00723,1,0.9403266310691833
test_00724,1,0.9719952940940857
test_00725,1,0.9976018071174622
test_00726,1,0.8801188468933105
test_00727,1,0.9822073578834534
test_00728,1,0.9946956038475037
test_00729,1,0.9960792660713196
test_00730,1,0.9326485991477966
test_00731,1,0.9934872388839722
test_00732,1,0.98338782787323
test_00733,1,0.9784916639328003
test_00734,0,0.5877436399459839
test_00735,1,0.9997426867485046
test_00736,1,0.9992349147796631
test_00737,0,0.7543985247612
test_00738,1,0.9540756344795227
test_00739,1,0.9786197543144226
test_00740,1,0.9957835674285889
test_00741,1,0.9922193288803101
test_00742,0,0.5682609677314758
test_00743,1,0.9997250437736511
test_00744,1,0.9978808760643005
test_00745,1,0.999222993850708
test_00746,1,0.9995286464691162
test_00747,1,0.9648211002349854
test_00748,0,0.6649896502494812
test_00749,1,0.9971369504928589
test_00750,0,0.6274458169937134
test_00751,1,0.9101071953773499
test_00752,1,0.9386773109436035
test_00753,1,0.9992662072181702
test_00754,1,0.935200035572052
test_00755,1,0.9534061551094055
test_00756,1,0.990710437297821
test_00757,1,0.9766457676887512
test_00758,1,0.9837659001350403
test_00759,1,0.7789111137390137
test_00760,1,0.9913544058799744
test_00761,1,0.9980559349060059
test_00762,1,0.9596762657165527
test_00763,1,0.9947819113731384
test_00764,1,0.9390588402748108
test_00765,1,0.9932147264480591
test_00766,1,0.7889341115951538
test_00767,1,0.9976765513420105
test_00768,1,0.9280694127082825
test_00769,1,0.9935312867164612
test_00770,1,0.9569768309593201
test_00771,1,0.9876043796539307
test_00772,0,0.5612871050834656
test_00773,1,0.9220570921897888
test_00774,1,0.993064820766449
test_00775,1,0.9194122552871704
test_00776,1,0.6590747833251953
test_00777,1,0.991995096206665
test_00778,1,0.9127758145332336
test_00779,1,0.9229849576950073
test_00780,0,0.5875054001808167
test_00781,1,0.9321362376213074
test_00782,1,0.9887604713439941
test_00783,1,0.8243869543075562
test_00784,1,0.9983181953430176
test_00785,1,0.9450228810310364
test_00786,0,0.7228562831878662
test_00787,1,0.9830600619316101
test_00788,1,0.9730178713798523
test_00789,1,0.9854615926742554
test_00790,1,0.9989159107208252
test_00791,1,0.9917073845863342
test_00792,1,0.988416314125061
test_00793,1,0.8520695567131042
test_00794,1,0.9533876180648804
test_00795,0,0.5070655941963196
test_00796,1,0.9152491688728333
test_00797,1,0.988465428352356
test_00798,1,0.9763315916061401
test_00799,1,0.9987216591835022
test_00800,1,0.7900392413139343
test_00801,1,0.9967215657234192
test_00802,1,0.7124596238136292
test_00803,1,0.9846386313438416
test_00804,1,0.6971173286437988
test_00805,1,0.9917848110198975
test_00806,1,0.9979733824729919
test_00807,1,0.9689769744873047
test_00808,1,0.9996203184127808
test_00809,1,0.9993265867233276
test_00810,1,0.9997764229774475
test_00811,1,0.9805302619934082
test_00812,1,0.8433365821838379
test_00813,1,0.8165983557701111
test_00814,1,0.8908705115318298
test_00815,1,0.9985939860343933
test_00816,1,0.9974439144134521
test_00817,1,0.9732630848884583
test_00818,1,0.8951689600944519
test_00819,1,0.9953521490097046
test_00820,1,0.9826488494873047
test_00821,1,0.993743360042572
test_00822,1,0.8830039501190186
test_00823,1,0.9978494644165039
test_00824,1,0.996529757976532
test_00825,1,0.8146728277206421
test_00826,1,0.859574556350708
test_00827,1,0.9939655661582947
test_00828,0,0.7628921270370483
test_00829,1,0.9913747906684875
test_00830,1,0.966289758682251
test_00831,1,0.9662648439407349
test_00832,1,0.9901025295257568
test_00833,1,0.9857461452484131
test_00834,1,0.9998453855514526
test_00835,1,0.9490644335746765
test_00836,1,0.9994574189186096
test_00837,1,0.9936191439628601
test_00838,0,0.8187215328216553
test_00839,1,0.9031197428703308
test_00840,1,0.9999626874923706
test_00841,1,0.9101060032844543
test_00842,1,0.9918797612190247
test_00843,1,0.7581372857093811
test_00844,1,0.7759345173835754
test_00845,1,0.9967260360717773
test_00846,0,0.6590498685836792
test_00847,1,0.9892589449882507
test_00848,0,0.9106794595718384
test_00849,1,0.8714323043823242
test_00850,1,0.9953263998031616
test_00851,1,0.8885349035263062
test_00852,1,0.9940289258956909
test_00853,1,0.7740418314933777
test_00854,1,0.833534836769104
test_00855,1,0.8823146224021912
test_00856,0,0.9027085900306702
test_00857,1,0.998389482498169
test_00858,1,0.9186890721321106
test_00859,1,0.983679473400116
test_00860,1,0.9753619432449341
test_00861,1,0.9628010392189026
test_00862,1,0.9695353507995605
test_00863,1,0.9454580545425415
test_00864,1,0.8819966316223145
test_00865,1,0.8103405237197876
test_00866,1,0.9214590191841125
test_00867,1,0.9875907897949219
test_00868,0,0.9701684713363647
test_00869,1,0.980054497718811
test_00870,1,0.999431312084198
test_00871,1,0.9123818874359131
test_00872,1,0.9938097596168518
test_00873,0,0.5905267596244812
test_00874,0,0.8237323760986328
test_00875,1,0.9227617979049683
test_00876,1,0.953176736831665
test_00877,1,0.9838189482688904
test_00878,0,0.8045529723167419
test_00879,1,0.9930586814880371
test_00880,1,0.9990472197532654
test_00881,1,0.9369716644287109
test_00882,1,0.9500349164009094
test_00883,1,0.8240365386009216
test_00884,1,0.9998831748962402
test_00885,1,0.9975729584693909
test_00886,1,0.9232363700866699
test_00887,1,0.7115325927734375
test_00888,1,0.6726220846176147
test_00889,1,0.9996497631072998
test_00890,0,0.6024687886238098
test_00891,1,0.8580560088157654
test_00892,1,0.7545523047447205
test_00893,1,0.9863736629486084
test_00894,1,0.9089261889457703
test_00895,1,0.9984675049781799
test_00896,1,0.9718626141548157
test_00897,1,0.9997285008430481
test_00898,1,0.9794250130653381
test_00899,1,0.8494833111763
test_00900,1,0.9672287702560425
test_00901,1,0.9720741510391235
test_00902,0,0.7526992559432983
test_00903,1,0.8909432888031006
test_00904,0,0.5161585807800293
test_00905,1,0.9500979781150818
test_00906,0,0.9240010380744934
test_00907,1,0.9920833110809326
test_00908,0,0.9939948916435242
test_00909,0,0.5116057991981506
test_00910,1,0.9644397497177124
test_00911,1,0.9987807869911194
test_00912,0,0.9704118967056274
test_00913,1,0.9161101579666138
test_00914,1,0.9540340900421143
test_00915,1,0.9629952311515808
test_00916,1,0.8510918617248535
test_00917,1,0.9934420585632324
test_00918,1,0.9923681616783142
test_00919,1,0.9907008409500122
test_00920,0,0.7256359457969666
test_00921,1,0.9999946355819702
test_00922,1,0.9522395730018616
test_00923,1,0.816509485244751
test_00924,1,0.9909765720367432
test_00925,1,0.9398095011711121
test_00926,1,0.8317409157752991
test_00927,1,0.9993510842323303
test_00928,0,0.9283692240715027
test_00929,0,0.5701153874397278
test_00930,1,0.8528615236282349
test_00931,1,0.9939226508140564
test_00932,1,0.9993575215339661
test_00933,1,0.9991212487220764
test_00934,1,0.9690556526184082
test_00935,1,0.9999158382415771
test_00936,1,0.987739622592926
test_00937,1,0.9997962117195129
test_00938,1,0.9842106103897095
test_00939,1,0.9601313471794128
test_00940,0,0.8611536622047424
test_00941,1,0.6146459579467773
test_00942,1,0.7907732725143433
test_00943,1,0.9935129284858704
test_00944,1,0.9937167763710022
test_00945,1,0.8306174278259277
test_00946,1,0.9269522428512573
test_00947,1,0.980851948261261
test_00948,1,0.9979064464569092
test_00949,1,0.8235065340995789
test_00950,1,0.6798726916313171
test_00951,1,0.9952732920646667
test_00952,1,0.9444961547851562
test_00953,1,0.9995158910751343
test_00954,0,0.5145741105079651
test_00955,1,0.9873110055923462
test_00956,1,0.9168270230293274
test_00957,0,0.780066967010498
test_00958,1,0.9977116584777832
test_00959,0,0.9990253448486328
test_00960,1,0.9970334768295288
test_00961,1,0.9981313347816467
test_00962,1,0.9995517134666443
test_00963,1,0.9980375170707703
test_00964,1,0.9668492078781128
test_00965,1,0.9994931221008301
test_00966,1,0.9943810105323792
test_00967,1,0.9908615350723267
test_00968,1,0.9759907126426697
test_00969,1,0.968364417552948
test_00970,1,0.977972149848938
test_00971,1,0.8212428689002991
test_00972,1,0.9807741045951843
test_00973,1,0.9963983297348022
test_00974,1,0.998843789100647
test_00975,1,0.8016652464866638
test_00976,1,0.9986155033111572
test_00977,0,0.8304133415222168
test_00978,1,0.9894506335258484
test_00979,1,0.9987969398498535
test_00980,1,0.9943516254425049
test_00981,1,0.9347909092903137
test_00982,1,0.9990567564964294
test_00983,1,0.9984893798828125
test_00984,1,0.9999315738677979
test_00985,1,0.9604099988937378
test_00986,1,0.9999154806137085
test_00987,1,0.9958847165107727
test_00988,1,0.7857808470726013
test_00989,1,0.9929642677307129
test_00990,1,0.9843186736106873
test_00991,1,0.9794329404830933
test_00992,1,0.944100558757782
test_00993,1,0.9903209805488586
test_00994,1,0.9964377880096436
test_00995,1,0.9595209360122681
test_00996,1,0.9999545812606812
test_00997,1,0.9060097336769104
test_00998,1,0.9686716198921204
test_00999,1,0.9642317295074463
test_01000,1,0.9085434675216675
test_01001,1,0.9518206119537354
test_01002,1,0.9829351902008057
test_01003,1,0.9987984895706177
test_01004,1,0.9619467854499817
test_01005,1,0.974884033203125
test_01006,1,0.9385287761688232
test_01007,1,0.9880955219268799
test_01008,1,0.9619405269622803
test_01009,1,0.9425792098045349
test_01010,1,0.9990063309669495
test_01011,1,0.519353449344635
test_01012,1,0.9657660126686096
test_01013,1,0.9578354358673096
test_01014,1,0.9979979395866394
test_01015,1,0.999962329864502
test_01016,1,0.6467458605766296
test_01017,1,0.9993284940719604
test_01018,1,0.9988089799880981
test_01019,1,0.9940676689147949
test_01020,0,0.5923965573310852
test_01021,1,0.9888159036636353
test_01022,1,0.9431073665618896
test_01023,1,0.8757872581481934
test_01024,1,0.9968344569206238
test_01025,1,0.9473827481269836
test_01026,1,0.9951573014259338
test_01027,1,0.9355812072753906
test_01028,1,0.9995113611221313
test_01029,1,0.9691802859306335
test_01030,1,0.9998432397842407
test_01031,1,0.9963686466217041
test_01032,1,0.9960609078407288
test_01033,1,0.9596238136291504
test_01034,1,0.9730814099311829
test_01035,1,0.954986572265625
test_01036,1,0.9745548963546753
test_01037,1,0.9995313882827759
test_01038,1,0.9982823133468628
test_01039,0,0.726586639881134
test_01040,1,0.9930128455162048
test_01041,1,0.924365758895874
test_01042,1,0.8733905553817749
test_01043,1,0.9195607304573059
test_01044,1,0.7350791692733765
test_01045,1,0.9982470273971558
test_01046,1,0.9443908929824829
test_01047,1,0.922710120677948
test_01048,1,0.911037266254425
test_01049,1,0.9774541258811951
test_01050,1,0.9807372093200684
test_01051,1,0.9991674423217773
test_01052,1,0.8398183584213257
test_01053,1,0.9957824945449829
test_01054,1,0.9884359836578369
test_01055,1,0.9998948574066162
test_01056,1,0.7047354578971863
test_01057,1,0.9454970955848694
test_01058,1,0.9918066263198853
test_01059,1,0.9294139742851257
test_01060,1,0.9189920425415039
test_01061,1,0.9617273211479187
test_01062,1,0.9956234097480774
test_01063,1,0.9753961563110352
test_01064,1,0.9776232838630676
test_01065,1,0.9355964064598083
test_01066,1,0.9990755319595337
test_01067,1,0.8824061155319214
test_01068,0,0.6790976524353027
test_01069,1,0.949539303779602
test_01070,1,0.9957141280174255
test_01071,0,0.5182291269302368
test_01072,1,0.9997627139091492
test_01073,0,0.5562777519226074
test_01074,1,0.613492488861084
test_01075,1,0.8075979351997375
test_01076,1,0.6667070388793945
test_01077,1,0.966690182685852
test_01078,1,0.8011301159858704
test_01079,1,0.9835588335990906
test_01080,1,0.6351203322410583
test_01081,1,0.9227203726768494
test_01082,1,0.9955234527587891
test_01083,1,0.997718870639801
test_01084,1,0.9886522889137268
test_01085,1,0.9944413304328918
test_01086,1,0.8413379788398743
test_01087,1,0.94650799036026
test_01088,1,0.9929898977279663
test_01089,1,0.8193407654762268
test_01090,1,0.9752247333526611
test_01091,1,0.8833234310150146
test_01092,1,0.9797677397727966
test_01093,1,0.9875310063362122
test_01094,1,0.8276945352554321
test_01095,1,0.7748409509658813
test_01096,0,0.8157614469528198
test_01097,1,0.7372401356697083
test_01098,1,0.955816924571991
test_01099,1,0.9970738887786865
test_01100,1,0.6668116450309753
test_01101,1,0.9863424897193909
test_01102,1,0.9999418258666992
test_01103,1,0.9045306444168091
test_01104,1,0.9925569295883179
test_01105,1,0.9876580238342285
test_01106,1,0.9966415166854858
test_01107,1,0.964066207408905
test_01108,1,0.7665050029754639
test_01109,1,0.9959332346916199
test_01110,1,0.9795804619789124
test_01111,1,0.9942265748977661
test_01112,1,0.8857231736183167
test_01113,1,0.9290933012962341
test_01114,1,0.9997349381446838
test_01115,1,0.993691086769104
test_01116,0,0.643066942691803
test_01117,1,0.9877349734306335
test_01118,1,0.9833911657333374
test_01119,1,0.9776336550712585
test_01120,1,0.9637744426727295
test_01121,1,0.9936019778251648
test_01122,1,0.9950898885726929
test_01123,1,0.9993554949760437
test_01124,1,0.9962634444236755
test_01125,1,0.9841086268424988
test_01126,1,0.9327976107597351
test_01127,0,0.6583748459815979
test_01128,1,0.9942330718040466
test_01129,1,0.9848458766937256
test_01130,1,0.9675979614257812
test_01131,1,0.7467367053031921
test_01132,1,0.7898719310760498
test_01133,1,0.9757522940635681
test_01134,1,0.8973298072814941
test_01135,1,0.9969226717948914
test_01136,0,0.9842789769172668
test_01137,1,0.9965683221817017
test_01138,1,0.9914597272872925
test_01139,1,0.9767349362373352
test_01140,1,0.7684223055839539
test_01141,0,0.9109927415847778
test_01142,1,0.9726746678352356
test_01143,1,0.8672676086425781
test_01144,0,0.965645432472229
test_01145,1,0.9620463252067566
test_01146,1,0.6153156161308289
test_01147,1,0.8186665773391724
test_01148,1,0.9900679588317871
test_01149,1,0.9860000014305115
test_01150,1,0.9639551639556885
test_01151,1,0.6637949347496033
test_01152,0,0.7080346345901489
test_01153,1,0.943609893321991
test_01154,1,0.6418465971946716
test_01155,0,0.9569277763366699
test_01156,1,0.999538779258728
test_01157,1,0.994830310344696
test_01158,1,0.9840383529663086
test_01159,0,0.6712245345115662
test_01160,1,0.993286669254303
test_01161,1,0.7441584467887878
test_01162,1,0.9871110916137695
test_01163,1,0.9987000226974487
test_01164,1,0.9996024966239929
test_01165,1,0.6404284834861755
test_01166,1,0.8641633987426758
test_01167,1,0.93964022397995
test_01168,1,0.826081395149231
test_01169,0,0.6937383413314819
test_01170,1,0.9891366958618164
test_01171,1,0.9983798265457153
test_01172,1,0.9221965670585632
test_01173,1,0.9872683882713318
test_01174,1,0.9858178496360779
test_01175,1,0.8245415687561035
test_01176,1,0.9550705552101135
test_01177,1,0.9763230681419373
test_01178,1,0.9800270199775696
test_01179,1,0.9905407428741455
test_01180,1,0.9807085394859314
test_01181,1,0.9932978749275208
test_01182,1,0.8487037420272827
test_01183,1,0.8511155247688293
test_01184,1,0.9998250603675842
